image,predicted_class
27649_right.jpeg,0
19432_right.jpeg,0
17409_right.jpeg,0
6462_right.jpeg,0
10342_left.jpeg,0
34670_right.jpeg,0
15167_right.jpeg,0
13763_right.jpeg,0
30729_right.jpeg,0
7622_left.jpeg,0
13245_right.jpeg,0
27955_right.jpeg,0
5717_left.jpeg,0
21672_left.jpeg,0
8829_left.jpeg,0
11552_left.jpeg,0
12821_right.jpeg,0
43512_left.jpeg,0
22539_left.jpeg,0
33538_left.jpeg,0
42999_left.jpeg,0
31846_left.jpeg,0
30186_right.jpeg,0
16267_left.jpeg,0
11675_left.jpeg,0
23299_right.jpeg,0
5223_left.jpeg,0
38294_left.jpeg,0
42752_right.jpeg,0
27132_left.jpeg,0
11886_left.jpeg,0
30664_right.jpeg,0
29586_left.jpeg,0
43190_right.jpeg,0
25610_left.jpeg,0
17602_left.jpeg,0
10849_right.jpeg,0
19074_left.jpeg,0
23785_left.jpeg,0
39129_right.jpeg,0
29186_left.jpeg,0
3299_left.jpeg,0
6159_right.jpeg,0
30510_right.jpeg,0
19816_left.jpeg,0
7775_right.jpeg,0
42648_left.jpeg,0
20662_left.jpeg,0
42336_left.jpeg,0
31032_right.jpeg,0
7387_right.jpeg,0
26822_right.jpeg,0
37096_right.jpeg,0
18739_left.jpeg,0
19647_right.jpeg,0
24917_left.jpeg,0
28814_right.jpeg,0
1105_left.jpeg,0
43517_right.jpeg,0
8480_right.jpeg,0
888_left.jpeg,0
41150_left.jpeg,0
33771_right.jpeg,0
11857_left.jpeg,0
24822_right.jpeg,0
37976_left.jpeg,0
36988_left.jpeg,0
36197_right.jpeg,0
26263_right.jpeg,0
43570_left.jpeg,0
15591_left.jpeg,0
18554_right.jpeg,0
42318_right.jpeg,0
36487_right.jpeg,0
17521_left.jpeg,0
44326_right.jpeg,0
26532_left.jpeg,0
14120_left.jpeg,0
15911_left.jpeg,0
7126_right.jpeg,0
9803_right.jpeg,0
33691_left.jpeg,0
35226_left.jpeg,0
3150_right.jpeg,0
7874_right.jpeg,0
36210_left.jpeg,0
7584_right.jpeg,0
41007_right.jpeg,0
15135_right.jpeg,0
17976_left.jpeg,0
1067_right.jpeg,0
20542_right.jpeg,0
28071_right.jpeg,0
4442_right.jpeg,0
16068_left.jpeg,0
10516_right.jpeg,0
4114_right.jpeg,0
22301_right.jpeg,0
15469_right.jpeg,0
5529_right.jpeg,0
3853_left.jpeg,0
9543_right.jpeg,0
8196_right.jpeg,0
18758_right.jpeg,0
902_right.jpeg,0
13117_right.jpeg,0
4588_left.jpeg,0
3013_right.jpeg,0
3433_right.jpeg,0
25846_left.jpeg,0
35294_left.jpeg,0
12507_left.jpeg,0
4250_left.jpeg,0
35239_left.jpeg,0
18654_right.jpeg,0
6008_right.jpeg,0
22030_right.jpeg,0
5020_left.jpeg,0
13429_right.jpeg,0
7988_right.jpeg,0
35074_left.jpeg,0
29140_left.jpeg,0
34820_left.jpeg,0
21638_left.jpeg,0
3792_left.jpeg,0
3784_right.jpeg,0
30934_right.jpeg,0
35075_left.jpeg,0
7769_left.jpeg,0
42289_left.jpeg,0
701_right.jpeg,0
19524_right.jpeg,0
101_right.jpeg,0
22875_left.jpeg,0
18192_left.jpeg,0
282_right.jpeg,0
34688_left.jpeg,0
8607_left.jpeg,0
33634_left.jpeg,0
32573_left.jpeg,0
39373_left.jpeg,0
38539_right.jpeg,0
97_right.jpeg,0
13233_right.jpeg,0
18788_left.jpeg,0
8237_left.jpeg,0
16053_left.jpeg,0
39770_right.jpeg,0
3162_left.jpeg,0
29748_right.jpeg,0
23973_right.jpeg,0
23799_right.jpeg,0
39178_left.jpeg,0
21305_right.jpeg,0
10733_left.jpeg,0
42747_left.jpeg,0
6526_left.jpeg,0
23056_left.jpeg,0
2762_right.jpeg,0
30792_left.jpeg,0
39525_left.jpeg,0
10549_right.jpeg,0
2255_right.jpeg,0
16505_right.jpeg,0
35897_left.jpeg,0
32034_right.jpeg,0
37885_left.jpeg,0
10607_left.jpeg,0
9645_left.jpeg,0
20532_left.jpeg,0
19069_left.jpeg,0
12297_right.jpeg,0
38735_right.jpeg,0
9431_right.jpeg,0
1398_left.jpeg,0
20287_left.jpeg,0
42147_left.jpeg,0
15093_left.jpeg,0
42398_left.jpeg,0
22417_right.jpeg,0
39851_right.jpeg,0
8813_right.jpeg,0
24792_left.jpeg,0
25634_right.jpeg,0
39157_right.jpeg,0
17744_right.jpeg,0
35210_right.jpeg,0
6912_right.jpeg,0
41628_left.jpeg,0
26676_left.jpeg,0
33882_right.jpeg,0
26026_left.jpeg,0
30225_right.jpeg,0
35220_right.jpeg,0
5418_left.jpeg,0
22707_left.jpeg,0
19190_right.jpeg,0
28630_left.jpeg,0
18468_left.jpeg,0
5617_right.jpeg,0
29836_right.jpeg,0
30412_right.jpeg,0
16994_right.jpeg,0
6905_left.jpeg,0
31737_left.jpeg,0
22242_right.jpeg,0
37247_left.jpeg,0
10524_left.jpeg,0
40678_left.jpeg,0
22054_left.jpeg,0
41925_right.jpeg,0
9985_right.jpeg,0
1966_left.jpeg,0
24428_right.jpeg,0
31838_right.jpeg,0
9363_left.jpeg,0
24693_left.jpeg,0
23107_left.jpeg,0
10656_left.jpeg,0
25010_right.jpeg,0
20609_right.jpeg,0
26685_left.jpeg,0
2651_right.jpeg,0
6006_left.jpeg,0
35530_left.jpeg,0
32854_right.jpeg,0
7044_right.jpeg,0
10394_right.jpeg,0
22448_left.jpeg,0
23586_right.jpeg,0
3912_right.jpeg,0
6284_right.jpeg,0
34909_right.jpeg,0
29561_left.jpeg,0
7834_left.jpeg,0
12415_left.jpeg,0
22499_right.jpeg,0
2852_left.jpeg,0
43333_right.jpeg,0
1025_left.jpeg,0
13792_right.jpeg,0
38308_left.jpeg,0
11842_left.jpeg,0
4744_right.jpeg,0
24548_right.jpeg,0
32607_left.jpeg,0
15972_right.jpeg,0
17292_left.jpeg,0
36710_right.jpeg,0
36406_left.jpeg,0
19079_right.jpeg,0
10500_left.jpeg,0
15830_right.jpeg,0
43745_right.jpeg,0
9902_left.jpeg,0
16163_left.jpeg,0
12625_left.jpeg,0
41153_right.jpeg,0
24718_right.jpeg,0
30191_right.jpeg,0
25732_left.jpeg,0
7338_left.jpeg,0
36562_left.jpeg,0
15877_right.jpeg,0
40338_left.jpeg,0
28399_left.jpeg,0
40824_left.jpeg,0
41513_right.jpeg,0
37_left.jpeg,0
36725_left.jpeg,0
5330_left.jpeg,0
30355_right.jpeg,0
21547_right.jpeg,0
26622_right.jpeg,0
26151_right.jpeg,0
33143_left.jpeg,0
16305_left.jpeg,0
40501_left.jpeg,0
33204_left.jpeg,0
35848_right.jpeg,0
13943_right.jpeg,0
37734_right.jpeg,0
25914_left.jpeg,0
28103_left.jpeg,0
32683_right.jpeg,0
41121_right.jpeg,0
35495_right.jpeg,0
39153_left.jpeg,0
39211_left.jpeg,0
14077_left.jpeg,0
17339_right.jpeg,0
8801_right.jpeg,0
23986_left.jpeg,0
36211_left.jpeg,0
42001_right.jpeg,0
18659_left.jpeg,0
2787_left.jpeg,0
30837_left.jpeg,0
11357_left.jpeg,0
41495_right.jpeg,0
29948_right.jpeg,0
36833_left.jpeg,0
19129_right.jpeg,0
5107_left.jpeg,0
18609_left.jpeg,0
36839_left.jpeg,0
17603_right.jpeg,0
38472_right.jpeg,0
4251_right.jpeg,0
28065_right.jpeg,0
15158_left.jpeg,0
25640_right.jpeg,0
10148_left.jpeg,0
5357_left.jpeg,0
2331_right.jpeg,0
19345_right.jpeg,0
43718_left.jpeg,0
23500_left.jpeg,0
25355_right.jpeg,0
3801_left.jpeg,0
42412_left.jpeg,0
17572_left.jpeg,0
35625_right.jpeg,0
4504_left.jpeg,0
10480_left.jpeg,0
23258_right.jpeg,0
11295_right.jpeg,0
10519_left.jpeg,0
21142_left.jpeg,0
313_right.jpeg,0
94_left.jpeg,0
1210_right.jpeg,0
43256_left.jpeg,0
6924_left.jpeg,0
38748_left.jpeg,0
601_right.jpeg,0
8409_right.jpeg,0
27470_left.jpeg,0
42043_right.jpeg,0
18849_right.jpeg,0
667_right.jpeg,0
28490_right.jpeg,0
519_right.jpeg,0
11252_right.jpeg,0
7037_right.jpeg,0
39608_right.jpeg,0
23564_right.jpeg,0
39066_left.jpeg,0
7933_right.jpeg,0
24557_left.jpeg,0
23463_left.jpeg,0
23192_left.jpeg,0
10863_right.jpeg,0
28012_left.jpeg,0
8252_right.jpeg,0
44182_right.jpeg,0
9629_left.jpeg,0
3836_right.jpeg,0
19111_left.jpeg,0
14985_right.jpeg,0
31901_left.jpeg,0
15839_left.jpeg,0
23235_left.jpeg,0
28666_right.jpeg,0
18199_left.jpeg,0
8065_right.jpeg,0
10718_left.jpeg,0
4749_left.jpeg,0
22270_right.jpeg,0
38461_right.jpeg,0
39641_left.jpeg,0
19106_left.jpeg,0
38223_right.jpeg,0
42757_left.jpeg,0
39706_right.jpeg,0
37011_right.jpeg,0
4580_right.jpeg,0
17791_right.jpeg,0
2658_right.jpeg,0
1355_right.jpeg,0
22427_left.jpeg,0
38275_left.jpeg,0
28186_right.jpeg,0
8481_right.jpeg,0
18554_left.jpeg,0
42033_left.jpeg,0
30905_right.jpeg,0
37123_left.jpeg,0
15406_left.jpeg,0
26727_left.jpeg,0
2367_right.jpeg,0
7241_right.jpeg,0
3350_right.jpeg,0
24052_left.jpeg,0
12963_left.jpeg,0
27788_right.jpeg,0
9319_left.jpeg,0
19732_right.jpeg,0
30272_left.jpeg,0
32185_left.jpeg,0
14004_left.jpeg,0
27884_right.jpeg,0
16168_left.jpeg,0
20731_left.jpeg,0
37693_right.jpeg,0
21664_right.jpeg,0
24396_right.jpeg,0
19438_right.jpeg,0
40429_left.jpeg,0
21241_right.jpeg,0
21810_right.jpeg,0
21871_left.jpeg,0
32857_left.jpeg,0
14111_left.jpeg,0
28158_left.jpeg,0
1437_right.jpeg,0
4051_right.jpeg,0
29338_left.jpeg,0
12802_left.jpeg,0
37461_right.jpeg,0
14618_left.jpeg,0
29236_right.jpeg,0
10219_right.jpeg,0
40037_right.jpeg,0
30963_right.jpeg,0
13365_right.jpeg,0
38340_right.jpeg,0
5535_right.jpeg,0
32207_left.jpeg,0
9121_right.jpeg,0
19527_right.jpeg,0
42121_left.jpeg,0
43329_left.jpeg,0
6726_right.jpeg,0
19195_right.jpeg,0
9486_left.jpeg,0
38338_right.jpeg,0
28437_left.jpeg,0
20856_left.jpeg,0
27063_left.jpeg,0
14536_right.jpeg,0
16704_left.jpeg,0
17928_right.jpeg,0
25844_left.jpeg,0
30384_right.jpeg,0
15725_left.jpeg,0
10191_right.jpeg,0
29159_left.jpeg,0
11277_left.jpeg,0
11801_left.jpeg,0
24926_left.jpeg,0
10441_left.jpeg,0
10018_right.jpeg,0
7958_left.jpeg,0
22209_right.jpeg,0
33979_right.jpeg,0
13011_right.jpeg,0
1958_right.jpeg,0
13120_left.jpeg,0
11692_right.jpeg,0
20761_left.jpeg,0
2224_right.jpeg,0
38819_left.jpeg,0
12674_right.jpeg,0
16436_left.jpeg,0
14851_right.jpeg,0
42023_right.jpeg,0
38665_left.jpeg,0
13828_right.jpeg,0
22369_right.jpeg,0
4789_right.jpeg,0
43217_left.jpeg,0
14439_right.jpeg,0
23688_left.jpeg,0
14860_right.jpeg,0
8777_right.jpeg,0
722_right.jpeg,0
22277_left.jpeg,0
36132_right.jpeg,0
19511_left.jpeg,0
30962_right.jpeg,0
30279_left.jpeg,0
21360_left.jpeg,0
42076_left.jpeg,0
13518_left.jpeg,0
7856_left.jpeg,0
42545_right.jpeg,0
922_right.jpeg,0
15087_right.jpeg,0
5489_left.jpeg,0
41774_right.jpeg,0
33911_left.jpeg,0
25537_left.jpeg,0
19673_right.jpeg,0
40542_left.jpeg,0
40479_right.jpeg,0
3151_left.jpeg,0
5735_right.jpeg,0
8079_left.jpeg,0
28594_right.jpeg,0
28475_right.jpeg,0
15881_left.jpeg,0
38854_right.jpeg,0
30271_right.jpeg,0
22594_left.jpeg,0
10625_left.jpeg,0
5686_left.jpeg,0
5133_left.jpeg,0
21496_left.jpeg,0
11538_left.jpeg,0
26399_left.jpeg,0
15133_right.jpeg,0
31224_right.jpeg,0
1308_right.jpeg,0
26369_right.jpeg,0
39275_left.jpeg,0
33980_right.jpeg,0
29129_left.jpeg,0
6233_right.jpeg,0
38335_left.jpeg,0
9291_left.jpeg,0
9734_right.jpeg,0
39071_left.jpeg,0
42090_left.jpeg,0
24927_left.jpeg,0
29056_right.jpeg,0
23976_right.jpeg,0
22529_right.jpeg,0
14127_left.jpeg,0
27962_right.jpeg,0
7482_left.jpeg,0
10662_left.jpeg,0
28283_left.jpeg,0
33114_left.jpeg,0
27690_right.jpeg,0
19434_left.jpeg,0
10019_left.jpeg,0
29134_left.jpeg,0
32208_right.jpeg,0
24350_left.jpeg,0
21104_left.jpeg,0
1731_right.jpeg,0
16494_right.jpeg,0
8457_left.jpeg,0
15109_right.jpeg,0
9182_right.jpeg,0
9059_right.jpeg,0
18735_left.jpeg,0
17428_left.jpeg,0
42566_left.jpeg,0
14639_right.jpeg,0
25924_left.jpeg,0
30980_left.jpeg,0
34466_left.jpeg,0
27903_right.jpeg,0
7294_right.jpeg,0
25690_right.jpeg,0
2885_left.jpeg,0
21240_left.jpeg,0
23401_left.jpeg,0
42817_left.jpeg,0
33610_right.jpeg,0
28373_right.jpeg,0
39737_left.jpeg,0
42769_left.jpeg,0
3002_left.jpeg,0
13256_right.jpeg,0
17014_right.jpeg,0
43253_left.jpeg,0
19170_left.jpeg,0
33949_left.jpeg,0
5466_right.jpeg,0
10830_right.jpeg,0
24799_left.jpeg,0
3398_right.jpeg,0
42391_right.jpeg,0
5905_left.jpeg,0
6921_left.jpeg,0
601_left.jpeg,0
35227_right.jpeg,0
18500_left.jpeg,0
6814_left.jpeg,0
16166_right.jpeg,0
27093_left.jpeg,0
14926_left.jpeg,0
25433_right.jpeg,0
32425_left.jpeg,0
15249_left.jpeg,0
37725_left.jpeg,0
43884_right.jpeg,0
35196_left.jpeg,0
28150_left.jpeg,0
28873_left.jpeg,0
36630_left.jpeg,0
43447_left.jpeg,0
40938_right.jpeg,0
29914_left.jpeg,0
37718_left.jpeg,0
32516_left.jpeg,0
10709_right.jpeg,0
11873_left.jpeg,0
9486_right.jpeg,0
21848_right.jpeg,0
6143_left.jpeg,0
29905_left.jpeg,0
17619_left.jpeg,0
3039_left.jpeg,0
17771_right.jpeg,0
40502_left.jpeg,0
16586_left.jpeg,0
321_right.jpeg,0
33021_right.jpeg,0
1535_left.jpeg,0
18882_left.jpeg,0
31395_right.jpeg,0
36544_right.jpeg,0
13941_left.jpeg,0
1931_right.jpeg,0
5981_left.jpeg,0
41810_right.jpeg,0
13035_right.jpeg,0
21385_left.jpeg,0
32984_left.jpeg,0
12066_left.jpeg,0
27060_left.jpeg,0
17007_left.jpeg,0
7336_left.jpeg,0
2727_left.jpeg,0
25472_left.jpeg,0
3689_right.jpeg,0
9506_left.jpeg,0
17633_right.jpeg,0
8626_left.jpeg,0
11783_right.jpeg,0
28339_right.jpeg,0
11765_right.jpeg,0
25986_right.jpeg,0
33607_left.jpeg,0
7211_left.jpeg,0
15355_right.jpeg,0
284_right.jpeg,0
37343_right.jpeg,0
18794_left.jpeg,0
14178_left.jpeg,0
30712_right.jpeg,0
30761_left.jpeg,0
42014_left.jpeg,0
27702_left.jpeg,0
15613_right.jpeg,0
22199_right.jpeg,0
10801_left.jpeg,0
34249_right.jpeg,0
10165_right.jpeg,0
7873_left.jpeg,0
31486_left.jpeg,0
19416_right.jpeg,0
34850_right.jpeg,0
11712_left.jpeg,0
18177_right.jpeg,0
27758_right.jpeg,0
35235_right.jpeg,0
24618_left.jpeg,0
9161_left.jpeg,0
28880_left.jpeg,0
34179_left.jpeg,0
2835_right.jpeg,0
35165_right.jpeg,0
27131_left.jpeg,0
14066_right.jpeg,0
5733_right.jpeg,0
2928_right.jpeg,0
21384_left.jpeg,0
32552_left.jpeg,0
29694_left.jpeg,0
43628_left.jpeg,0
6439_left.jpeg,0
32019_right.jpeg,0
21290_right.jpeg,0
4319_left.jpeg,0
17180_right.jpeg,0
27776_left.jpeg,0
16704_right.jpeg,0
33662_left.jpeg,0
3751_left.jpeg,0
29158_right.jpeg,0
3384_left.jpeg,0
43096_right.jpeg,0
36117_left.jpeg,0
41372_right.jpeg,0
40717_right.jpeg,0
12251_right.jpeg,0
35312_left.jpeg,0
22475_right.jpeg,0
36518_left.jpeg,0
32173_left.jpeg,0
18821_right.jpeg,0
11373_left.jpeg,0
24374_left.jpeg,0
34983_left.jpeg,0
538_left.jpeg,0
22839_right.jpeg,0
42759_right.jpeg,0
30881_left.jpeg,0
3164_right.jpeg,0
10432_right.jpeg,0
10700_right.jpeg,0
3448_right.jpeg,0
2654_right.jpeg,0
18564_left.jpeg,0
18550_left.jpeg,0
13434_right.jpeg,0
17625_left.jpeg,0
26035_left.jpeg,0
32739_right.jpeg,0
18530_right.jpeg,0
32907_right.jpeg,0
18843_right.jpeg,0
33862_right.jpeg,0
12467_left.jpeg,0
1606_left.jpeg,0
18936_right.jpeg,0
28013_right.jpeg,0
9179_right.jpeg,0
13483_right.jpeg,0
39829_right.jpeg,0
578_right.jpeg,0
18424_right.jpeg,0
33927_left.jpeg,0
13574_left.jpeg,0
17836_right.jpeg,0
36991_right.jpeg,0
20083_left.jpeg,0
15877_left.jpeg,0
1623_right.jpeg,0
40774_right.jpeg,0
21202_right.jpeg,0
11739_right.jpeg,0
6933_left.jpeg,0
7908_right.jpeg,0
37527_left.jpeg,0
5850_right.jpeg,0
10582_left.jpeg,0
25880_right.jpeg,0
18334_right.jpeg,0
19315_left.jpeg,0
16675_right.jpeg,0
19085_left.jpeg,0
8791_right.jpeg,0
41436_left.jpeg,0
31007_left.jpeg,0
10002_right.jpeg,0
26585_right.jpeg,0
20594_left.jpeg,0
2619_left.jpeg,0
19281_right.jpeg,0
35856_right.jpeg,0
27894_right.jpeg,0
22532_left.jpeg,0
849_right.jpeg,0
35179_right.jpeg,0
30603_left.jpeg,0
36498_right.jpeg,0
30860_left.jpeg,0
4895_right.jpeg,0
6916_left.jpeg,0
44082_right.jpeg,0
20755_left.jpeg,0
10580_left.jpeg,0
5649_right.jpeg,0
15618_left.jpeg,0
21461_left.jpeg,0
11522_left.jpeg,0
9165_right.jpeg,0
25742_left.jpeg,0
6604_left.jpeg,0
30515_right.jpeg,0
4772_left.jpeg,0
12768_left.jpeg,0
8465_left.jpeg,0
37102_right.jpeg,0
40195_left.jpeg,0
31103_right.jpeg,0
17505_left.jpeg,0
33157_right.jpeg,0
9053_right.jpeg,0
29071_right.jpeg,0
22215_left.jpeg,0
17963_left.jpeg,0
26826_right.jpeg,0
16315_right.jpeg,0
19655_right.jpeg,0
29281_left.jpeg,0
39606_left.jpeg,0
43625_right.jpeg,0
20225_left.jpeg,0
37866_left.jpeg,0
20138_left.jpeg,0
23086_right.jpeg,0
42103_left.jpeg,0
40604_right.jpeg,0
34211_right.jpeg,0
35477_right.jpeg,0
8369_left.jpeg,0
13198_left.jpeg,0
22085_right.jpeg,0
44135_right.jpeg,0
8670_left.jpeg,0
39779_left.jpeg,0
29851_left.jpeg,0
2922_left.jpeg,0
42332_left.jpeg,0
16923_left.jpeg,0
40559_left.jpeg,0
10420_right.jpeg,0
14828_right.jpeg,0
37142_left.jpeg,0
13624_left.jpeg,0
36659_left.jpeg,0
10601_right.jpeg,0
33653_right.jpeg,0
13681_right.jpeg,0
39603_right.jpeg,0
25501_right.jpeg,0
22640_left.jpeg,0
19680_left.jpeg,0
680_right.jpeg,0
44144_left.jpeg,0
28425_left.jpeg,0
23876_right.jpeg,0
8315_left.jpeg,0
32999_left.jpeg,0
35181_left.jpeg,0
8574_right.jpeg,0
37172_right.jpeg,0
7005_left.jpeg,0
28582_left.jpeg,0
38070_left.jpeg,0
11100_right.jpeg,0
17994_right.jpeg,0
14124_right.jpeg,0
21693_right.jpeg,0
38574_right.jpeg,0
42100_right.jpeg,0
16303_left.jpeg,0
19077_right.jpeg,0
38158_left.jpeg,0
21348_right.jpeg,0
24129_left.jpeg,0
42198_right.jpeg,0
27281_right.jpeg,0
4983_left.jpeg,0
8076_right.jpeg,0
36889_left.jpeg,0
43878_left.jpeg,0
33091_right.jpeg,0
15384_right.jpeg,0
21216_right.jpeg,0
35558_left.jpeg,0
17944_left.jpeg,0
20520_right.jpeg,0
9858_right.jpeg,0
19058_left.jpeg,0
36497_left.jpeg,0
31614_right.jpeg,0
42910_right.jpeg,0
19392_right.jpeg,0
7160_left.jpeg,0
371_left.jpeg,0
1683_right.jpeg,0
34346_right.jpeg,0
10084_right.jpeg,0
25957_right.jpeg,0
44142_right.jpeg,0
19603_right.jpeg,0
35791_left.jpeg,0
36001_right.jpeg,0
43577_left.jpeg,0
26398_right.jpeg,0
34068_left.jpeg,0
10652_left.jpeg,0
39209_right.jpeg,0
41482_right.jpeg,0
35530_right.jpeg,0
25724_right.jpeg,0
2674_left.jpeg,0
24037_left.jpeg,0
26016_right.jpeg,0
41919_right.jpeg,0
29153_left.jpeg,0
31279_right.jpeg,0
37023_right.jpeg,0
2563_left.jpeg,0
25779_left.jpeg,0
1774_right.jpeg,0
26812_right.jpeg,0
8601_left.jpeg,0
1804_left.jpeg,0
33972_left.jpeg,0
12846_right.jpeg,0
29009_left.jpeg,0
31993_right.jpeg,0
23032_left.jpeg,0
42952_right.jpeg,0
25320_right.jpeg,0
10507_left.jpeg,0
7301_left.jpeg,0
23155_right.jpeg,0
29602_right.jpeg,0
25321_right.jpeg,0
1245_right.jpeg,0
28965_right.jpeg,0
39157_left.jpeg,0
21122_right.jpeg,0
7979_right.jpeg,0
33322_left.jpeg,0
25409_left.jpeg,0
10259_right.jpeg,0
4511_right.jpeg,0
20259_right.jpeg,0
3618_right.jpeg,0
4015_right.jpeg,0
21049_right.jpeg,0
12049_right.jpeg,0
39048_left.jpeg,0
34263_right.jpeg,0
32231_left.jpeg,0
28724_left.jpeg,0
37066_left.jpeg,0
1201_right.jpeg,0
9533_left.jpeg,0
30106_left.jpeg,0
41203_left.jpeg,0
33098_right.jpeg,0
14845_left.jpeg,0
21901_right.jpeg,0
30222_right.jpeg,0
8380_right.jpeg,0
35437_right.jpeg,0
12956_left.jpeg,0
8557_right.jpeg,0
21422_right.jpeg,0
31801_right.jpeg,0
34460_right.jpeg,0
39933_right.jpeg,0
1_right.jpeg,0
42092_left.jpeg,0
21470_left.jpeg,0
42372_left.jpeg,0
18316_right.jpeg,0
1811_left.jpeg,0
23189_left.jpeg,0
35512_left.jpeg,0
4835_right.jpeg,0
29844_right.jpeg,0
8745_right.jpeg,0
18330_left.jpeg,0
25790_left.jpeg,0
23044_left.jpeg,0
17553_right.jpeg,0
15906_left.jpeg,0
32088_left.jpeg,0
35243_right.jpeg,0
5617_left.jpeg,0
3455_left.jpeg,0
28753_right.jpeg,0
1539_right.jpeg,0
8198_right.jpeg,0
9916_left.jpeg,0
40535_left.jpeg,0
35747_right.jpeg,0
18848_left.jpeg,0
10850_left.jpeg,0
28048_left.jpeg,0
43220_right.jpeg,0
14496_left.jpeg,0
24763_right.jpeg,0
15393_right.jpeg,0
37541_left.jpeg,0
20947_right.jpeg,0
26915_left.jpeg,0
43277_right.jpeg,0
11346_left.jpeg,0
16394_right.jpeg,0
8049_left.jpeg,0
44043_left.jpeg,0
2816_right.jpeg,0
24713_left.jpeg,0
6636_left.jpeg,0
19559_left.jpeg,0
6756_right.jpeg,0
19602_right.jpeg,0
16976_right.jpeg,0
16723_right.jpeg,0
2492_left.jpeg,0
40722_right.jpeg,0
19355_right.jpeg,0
36349_left.jpeg,0
32653_left.jpeg,0
17559_right.jpeg,0
23841_left.jpeg,0
43671_right.jpeg,0
22935_right.jpeg,0
37806_right.jpeg,0
30079_right.jpeg,0
22633_right.jpeg,0
23482_right.jpeg,0
9802_right.jpeg,0
34898_right.jpeg,0
11296_left.jpeg,0
1189_right.jpeg,0
20518_left.jpeg,0
4607_right.jpeg,0
26910_left.jpeg,0
15731_left.jpeg,0
35114_right.jpeg,0
2733_left.jpeg,0
23337_left.jpeg,0
4100_right.jpeg,0
41557_right.jpeg,0
12132_right.jpeg,0
41142_left.jpeg,0
29981_right.jpeg,0
32781_right.jpeg,0
33171_left.jpeg,0
24810_right.jpeg,0
42054_left.jpeg,0
11309_left.jpeg,0
31734_right.jpeg,0
34798_right.jpeg,0
1080_left.jpeg,0
6601_right.jpeg,0
38542_left.jpeg,0
37376_right.jpeg,0
37644_left.jpeg,0
39531_left.jpeg,0
34401_left.jpeg,0
39183_right.jpeg,0
36822_left.jpeg,0
29378_right.jpeg,0
22736_left.jpeg,0
27915_right.jpeg,0
3789_left.jpeg,0
25174_left.jpeg,0
32899_right.jpeg,0
20615_right.jpeg,0
23653_left.jpeg,0
42437_right.jpeg,0
6496_right.jpeg,0
24153_right.jpeg,0
5179_left.jpeg,0
22221_left.jpeg,0
28688_left.jpeg,0
29610_left.jpeg,0
17210_left.jpeg,0
38026_left.jpeg,0
27787_left.jpeg,0
14197_left.jpeg,0
26523_right.jpeg,0
20186_left.jpeg,0
24105_left.jpeg,0
21900_left.jpeg,0
34181_right.jpeg,0
3442_left.jpeg,0
32051_left.jpeg,0
14912_left.jpeg,0
23826_right.jpeg,0
38943_right.jpeg,0
31262_right.jpeg,0
4661_left.jpeg,0
40397_left.jpeg,0
28347_left.jpeg,0
23682_left.jpeg,0
17844_left.jpeg,0
9656_left.jpeg,0
38382_right.jpeg,0
33234_right.jpeg,0
12663_left.jpeg,0
24674_left.jpeg,0
27857_left.jpeg,0
41841_left.jpeg,0
42522_left.jpeg,0
592_left.jpeg,0
5191_right.jpeg,0
9997_right.jpeg,0
38886_right.jpeg,0
15771_left.jpeg,0
42314_right.jpeg,0
19955_right.jpeg,0
38425_right.jpeg,0
18921_left.jpeg,0
15896_left.jpeg,0
27690_left.jpeg,0
25677_left.jpeg,0
6564_right.jpeg,0
21229_right.jpeg,0
33569_left.jpeg,0
5181_left.jpeg,0
37920_left.jpeg,0
21390_right.jpeg,0
10505_right.jpeg,0
8758_right.jpeg,0
5422_right.jpeg,0
43300_right.jpeg,0
11535_left.jpeg,0
19547_left.jpeg,0
14215_right.jpeg,0
7557_right.jpeg,0
22844_right.jpeg,0
10385_right.jpeg,0
3128_right.jpeg,0
13215_right.jpeg,0
43632_left.jpeg,0
9745_right.jpeg,0
3234_right.jpeg,0
1927_left.jpeg,0
11460_right.jpeg,0
18129_right.jpeg,0
41534_left.jpeg,0
20698_left.jpeg,0
17402_left.jpeg,0
40645_right.jpeg,0
42742_right.jpeg,0
11751_right.jpeg,0
4605_left.jpeg,0
11322_right.jpeg,0
38684_left.jpeg,0
36688_right.jpeg,0
33821_left.jpeg,0
891_right.jpeg,0
10033_left.jpeg,0
11498_right.jpeg,0
28107_left.jpeg,0
28644_right.jpeg,0
28164_right.jpeg,0
2733_right.jpeg,0
21340_right.jpeg,0
24940_right.jpeg,0
37798_left.jpeg,0
4837_left.jpeg,0
41585_left.jpeg,0
22354_right.jpeg,0
41461_right.jpeg,0
36868_right.jpeg,0
38713_right.jpeg,0
2234_left.jpeg,0
4057_left.jpeg,0
36960_right.jpeg,0
24371_right.jpeg,0
36664_left.jpeg,0
14433_right.jpeg,0
2991_right.jpeg,0
14652_left.jpeg,0
36512_right.jpeg,0
35676_right.jpeg,0
14188_left.jpeg,0
3304_right.jpeg,0
28171_left.jpeg,0
10430_right.jpeg,0
15575_left.jpeg,0
38020_left.jpeg,0
32126_right.jpeg,0
14231_right.jpeg,0
30855_left.jpeg,0
21877_left.jpeg,0
17738_left.jpeg,0
42551_left.jpeg,0
22718_right.jpeg,0
34143_right.jpeg,0
11643_right.jpeg,0
38244_left.jpeg,0
12489_left.jpeg,0
34988_right.jpeg,0
44108_right.jpeg,0
7649_left.jpeg,0
23464_right.jpeg,0
18545_right.jpeg,0
44333_left.jpeg,0
36891_right.jpeg,0
36182_left.jpeg,0
30632_right.jpeg,0
29374_right.jpeg,0
9329_left.jpeg,0
40768_left.jpeg,0
31451_right.jpeg,0
24569_left.jpeg,0
2043_left.jpeg,0
4220_right.jpeg,0
22651_right.jpeg,0
18254_left.jpeg,0
40695_left.jpeg,0
7756_right.jpeg,0
37386_left.jpeg,0
20419_left.jpeg,0
17056_left.jpeg,0
6602_right.jpeg,0
42773_right.jpeg,0
29821_right.jpeg,0
5709_left.jpeg,0
41322_left.jpeg,0
18642_left.jpeg,0
34291_left.jpeg,0
8847_right.jpeg,0
20961_right.jpeg,0
3834_right.jpeg,0
11281_left.jpeg,0
17812_left.jpeg,0
43277_left.jpeg,0
24939_right.jpeg,0
25191_left.jpeg,0
7975_right.jpeg,0
41604_right.jpeg,0
37882_right.jpeg,0
33387_left.jpeg,0
11986_left.jpeg,0
15075_right.jpeg,0
38893_right.jpeg,0
9611_left.jpeg,0
2177_right.jpeg,0
43866_left.jpeg,0
41189_right.jpeg,0
5905_right.jpeg,0
16644_right.jpeg,0
36831_right.jpeg,0
38942_left.jpeg,0
9531_right.jpeg,0
25266_right.jpeg,0
128_left.jpeg,0
39593_left.jpeg,0
12495_right.jpeg,0
24041_left.jpeg,0
13927_left.jpeg,0
34738_right.jpeg,0
3927_left.jpeg,0
28209_right.jpeg,0
38125_left.jpeg,0
6380_right.jpeg,0
893_right.jpeg,0
20253_right.jpeg,0
7105_right.jpeg,0
18900_left.jpeg,0
40519_left.jpeg,0
5917_left.jpeg,0
27258_right.jpeg,0
23416_left.jpeg,0
2568_left.jpeg,0
19233_left.jpeg,0
37866_right.jpeg,0
22693_right.jpeg,0
6648_left.jpeg,0
6589_right.jpeg,0
1964_left.jpeg,0
34349_right.jpeg,0
22331_right.jpeg,0
26191_left.jpeg,0
26066_left.jpeg,0
17291_left.jpeg,0
1181_left.jpeg,0
15850_right.jpeg,0
40415_right.jpeg,0
40852_left.jpeg,0
44143_left.jpeg,0
37202_right.jpeg,0
24296_left.jpeg,0
5550_left.jpeg,0
41118_right.jpeg,0
43586_right.jpeg,0
37219_right.jpeg,0
23143_left.jpeg,0
29582_right.jpeg,0
212_right.jpeg,0
29716_right.jpeg,0
43763_right.jpeg,0
32296_right.jpeg,0
22591_right.jpeg,0
30520_right.jpeg,0
7658_right.jpeg,0
36308_left.jpeg,0
10711_right.jpeg,0
40112_left.jpeg,0
32963_right.jpeg,0
12549_left.jpeg,0
36061_right.jpeg,0
9776_right.jpeg,0
1005_right.jpeg,0
31234_left.jpeg,0
40272_left.jpeg,0
41223_left.jpeg,0
10696_left.jpeg,0
33569_right.jpeg,0
2417_right.jpeg,0
9397_right.jpeg,0
14823_right.jpeg,0
28855_left.jpeg,0
39247_right.jpeg,0
28397_right.jpeg,0
1645_left.jpeg,0
40313_right.jpeg,0
43173_left.jpeg,0
28505_right.jpeg,0
10157_left.jpeg,0
16159_right.jpeg,0
41086_left.jpeg,0
8587_left.jpeg,0
43170_left.jpeg,0
12275_right.jpeg,0
24277_left.jpeg,0
9527_right.jpeg,0
4823_left.jpeg,0
26875_right.jpeg,0
37335_left.jpeg,0
25232_left.jpeg,0
26269_right.jpeg,0
5619_right.jpeg,0
38921_left.jpeg,0
35204_left.jpeg,0
37375_left.jpeg,0
32293_left.jpeg,0
23297_left.jpeg,0
27206_right.jpeg,0
38103_left.jpeg,0
42786_left.jpeg,0
3081_right.jpeg,0
23708_right.jpeg,0
331_left.jpeg,0
43395_left.jpeg,0
17383_left.jpeg,0
14529_left.jpeg,0
28179_right.jpeg,0
21340_left.jpeg,0
14286_left.jpeg,0
39821_left.jpeg,0
27211_left.jpeg,0
3860_right.jpeg,0
2787_right.jpeg,0
730_right.jpeg,0
33315_right.jpeg,0
22749_left.jpeg,0
28888_right.jpeg,0
2269_right.jpeg,0
41586_right.jpeg,0
13864_left.jpeg,0
19002_left.jpeg,0
39734_right.jpeg,0
41034_left.jpeg,0
42685_right.jpeg,0
6356_left.jpeg,0
16215_left.jpeg,0
25192_left.jpeg,0
27769_left.jpeg,0
1339_right.jpeg,0
13072_left.jpeg,0
29978_left.jpeg,0
8544_right.jpeg,0
33296_left.jpeg,0
12750_left.jpeg,0
21743_left.jpeg,0
31012_left.jpeg,0
2742_right.jpeg,0
13034_left.jpeg,0
12757_right.jpeg,0
20227_right.jpeg,0
36320_left.jpeg,0
31222_left.jpeg,0
37318_right.jpeg,0
19390_right.jpeg,0
20449_right.jpeg,0
17338_right.jpeg,0
7781_left.jpeg,0
8158_left.jpeg,0
42005_right.jpeg,0
33188_left.jpeg,0
30815_right.jpeg,0
27242_right.jpeg,0
3268_left.jpeg,0
16731_right.jpeg,0
1218_left.jpeg,0
16057_right.jpeg,0
36840_right.jpeg,0
28467_right.jpeg,0
23819_right.jpeg,0
6688_right.jpeg,0
32252_left.jpeg,0
32398_right.jpeg,0
22592_left.jpeg,0
11706_left.jpeg,0
8656_left.jpeg,0
3330_left.jpeg,0
10520_right.jpeg,0
37518_left.jpeg,0
17365_right.jpeg,0
19152_right.jpeg,0
37007_right.jpeg,0
13840_right.jpeg,0
31800_left.jpeg,0
23288_right.jpeg,0
26222_left.jpeg,0
11190_right.jpeg,0
35146_right.jpeg,0
29815_right.jpeg,0
854_left.jpeg,0
25304_left.jpeg,0
40317_left.jpeg,0
43498_right.jpeg,0
33871_right.jpeg,0
29142_left.jpeg,0
17131_left.jpeg,0
14738_left.jpeg,0
29171_left.jpeg,0
10517_left.jpeg,0
26409_right.jpeg,0
40344_right.jpeg,0
15733_left.jpeg,0
13803_right.jpeg,0
3586_right.jpeg,0
26704_left.jpeg,0
17307_left.jpeg,0
11680_left.jpeg,0
14003_left.jpeg,0
3411_right.jpeg,0
27958_right.jpeg,0
38868_right.jpeg,0
44139_left.jpeg,0
15199_right.jpeg,0
20476_right.jpeg,0
26622_left.jpeg,0
21986_right.jpeg,0
39217_right.jpeg,0
6004_right.jpeg,0
889_left.jpeg,0
23441_right.jpeg,0
12252_left.jpeg,0
6322_right.jpeg,0
32906_right.jpeg,0
18377_left.jpeg,0
10275_left.jpeg,0
5322_right.jpeg,0
12717_right.jpeg,0
27195_right.jpeg,0
35623_left.jpeg,0
33383_left.jpeg,0
14831_left.jpeg,0
37124_left.jpeg,0
14174_left.jpeg,0
30683_right.jpeg,0
23825_left.jpeg,0
22435_right.jpeg,0
34434_right.jpeg,0
12911_left.jpeg,0
30939_left.jpeg,0
35144_left.jpeg,0
34135_left.jpeg,0
10216_right.jpeg,0
12282_left.jpeg,0
24978_right.jpeg,0
8063_left.jpeg,0
34705_left.jpeg,0
2873_left.jpeg,0
26621_right.jpeg,0
43538_left.jpeg,0
25897_right.jpeg,0
42454_right.jpeg,0
36521_left.jpeg,0
34674_left.jpeg,0
39985_right.jpeg,0
32323_left.jpeg,0
26034_left.jpeg,0
27371_right.jpeg,0
38092_left.jpeg,0
1789_left.jpeg,0
8296_right.jpeg,0
41481_right.jpeg,0
38334_left.jpeg,0
39282_left.jpeg,0
27001_right.jpeg,0
26782_right.jpeg,0
41404_right.jpeg,0
11139_right.jpeg,0
1229_right.jpeg,0
40076_right.jpeg,0
2221_right.jpeg,0
8194_right.jpeg,0
23846_left.jpeg,0
43952_right.jpeg,0
23404_right.jpeg,0
38350_right.jpeg,0
25925_right.jpeg,0
32879_left.jpeg,0
21887_right.jpeg,0
11191_right.jpeg,0
14278_left.jpeg,0
30805_left.jpeg,0
24282_right.jpeg,0
4363_right.jpeg,0
23054_right.jpeg,0
8045_left.jpeg,0
28676_right.jpeg,0
20512_right.jpeg,0
39196_right.jpeg,0
21213_right.jpeg,0
5866_right.jpeg,0
35006_right.jpeg,0
7157_left.jpeg,0
6230_left.jpeg,0
12482_left.jpeg,0
43301_right.jpeg,0
14607_right.jpeg,0
13918_left.jpeg,0
9780_left.jpeg,0
8991_right.jpeg,0
42359_right.jpeg,0
37102_left.jpeg,0
40287_right.jpeg,0
22363_right.jpeg,0
41772_right.jpeg,0
36311_right.jpeg,0
20714_left.jpeg,0
38962_right.jpeg,0
28363_left.jpeg,0
35976_left.jpeg,0
18166_left.jpeg,0
30436_right.jpeg,0
5306_right.jpeg,0
13508_left.jpeg,0
34359_left.jpeg,0
3165_left.jpeg,0
1690_right.jpeg,0
37230_right.jpeg,0
35529_right.jpeg,0
25688_right.jpeg,0
19297_left.jpeg,0
33040_left.jpeg,0
5698_right.jpeg,0
9185_right.jpeg,0
6522_right.jpeg,0
24047_left.jpeg,0
30816_right.jpeg,0
20373_left.jpeg,0
2310_left.jpeg,0
40628_left.jpeg,0
13712_left.jpeg,0
3155_right.jpeg,0
34917_right.jpeg,0
6226_right.jpeg,0
24448_right.jpeg,0
10615_left.jpeg,0
37195_right.jpeg,0
23281_left.jpeg,0
9318_right.jpeg,0
39235_right.jpeg,0
41782_left.jpeg,0
39390_right.jpeg,0
25764_left.jpeg,0
13911_right.jpeg,0
20393_left.jpeg,0
40609_left.jpeg,0
15872_right.jpeg,0
20397_left.jpeg,0
1522_right.jpeg,0
30372_left.jpeg,0
38609_right.jpeg,0
9221_right.jpeg,0
12394_left.jpeg,0
16974_left.jpeg,0
22396_right.jpeg,0
32975_right.jpeg,0
3681_right.jpeg,0
43290_right.jpeg,0
22281_left.jpeg,0
332_left.jpeg,0
8336_right.jpeg,0
23716_right.jpeg,0
29731_right.jpeg,0
23225_right.jpeg,0
5707_right.jpeg,0
6778_right.jpeg,0
34663_right.jpeg,0
35364_left.jpeg,0
43762_right.jpeg,0
9956_right.jpeg,0
6411_left.jpeg,0
17212_right.jpeg,0
33269_right.jpeg,0
13091_right.jpeg,0
27862_left.jpeg,0
29585_right.jpeg,0
26933_right.jpeg,0
31998_left.jpeg,0
708_left.jpeg,0
19639_right.jpeg,0
21947_left.jpeg,0
38221_right.jpeg,0
37542_left.jpeg,0
41715_left.jpeg,0
36372_right.jpeg,0
37985_right.jpeg,0
21908_left.jpeg,0
42255_right.jpeg,0
2464_right.jpeg,0
41363_right.jpeg,0
41842_left.jpeg,0
22325_left.jpeg,0
5950_left.jpeg,0
1241_left.jpeg,0
3470_left.jpeg,0
35758_left.jpeg,0
25406_left.jpeg,0
7618_left.jpeg,0
37239_left.jpeg,0
5967_right.jpeg,0
36144_left.jpeg,0
38657_right.jpeg,0
27377_right.jpeg,0
11853_left.jpeg,0
9054_left.jpeg,0
40188_right.jpeg,0
12136_right.jpeg,0
25954_right.jpeg,0
7711_left.jpeg,0
25973_right.jpeg,0
2444_left.jpeg,0
22776_right.jpeg,0
5338_left.jpeg,0
4104_left.jpeg,0
30167_right.jpeg,0
44273_left.jpeg,0
17812_right.jpeg,0
3869_right.jpeg,0
40925_left.jpeg,0
8266_right.jpeg,0
12914_right.jpeg,0
26868_right.jpeg,0
37006_right.jpeg,0
21046_right.jpeg,0
27334_right.jpeg,0
22196_left.jpeg,0
30436_left.jpeg,0
7561_left.jpeg,0
15552_left.jpeg,0
43145_left.jpeg,0
36062_left.jpeg,0
10764_right.jpeg,0
4803_right.jpeg,0
25909_right.jpeg,0
10990_right.jpeg,0
29799_left.jpeg,0
40820_right.jpeg,0
42404_right.jpeg,0
24338_left.jpeg,0
25483_left.jpeg,0
11514_left.jpeg,0
37674_right.jpeg,0
8391_right.jpeg,0
24248_left.jpeg,0
42605_right.jpeg,0
40092_right.jpeg,0
19781_left.jpeg,0
25042_right.jpeg,0
2383_left.jpeg,0
35618_right.jpeg,0
29932_right.jpeg,0
33908_right.jpeg,0
15503_left.jpeg,0
19132_right.jpeg,0
44274_left.jpeg,0
33161_right.jpeg,0
44320_right.jpeg,0
18693_left.jpeg,0
13586_left.jpeg,0
15889_right.jpeg,0
32812_right.jpeg,0
34915_left.jpeg,0
44153_left.jpeg,0
7858_left.jpeg,0
19625_right.jpeg,0
31903_right.jpeg,0
16044_right.jpeg,0
20880_right.jpeg,0
22636_right.jpeg,0
33193_left.jpeg,0
40854_right.jpeg,0
6023_right.jpeg,0
12035_left.jpeg,0
39214_left.jpeg,0
35673_right.jpeg,0
29583_right.jpeg,0
43656_right.jpeg,0
17597_right.jpeg,0
37605_left.jpeg,0
26038_right.jpeg,0
36197_left.jpeg,0
26964_left.jpeg,0
11449_right.jpeg,0
44250_right.jpeg,0
36489_right.jpeg,0
10152_left.jpeg,0
24759_right.jpeg,0
6821_right.jpeg,0
7076_right.jpeg,0
32838_left.jpeg,0
43263_left.jpeg,0
16492_left.jpeg,0
24434_right.jpeg,0
21308_left.jpeg,0
34409_left.jpeg,0
4044_left.jpeg,0
41082_left.jpeg,0
16572_right.jpeg,0
40743_right.jpeg,0
3036_left.jpeg,0
18607_right.jpeg,0
18893_right.jpeg,0
21325_right.jpeg,0
13157_right.jpeg,0
20068_right.jpeg,0
152_left.jpeg,0
11729_right.jpeg,0
42982_left.jpeg,0
16606_left.jpeg,0
20732_right.jpeg,0
35386_left.jpeg,0
16553_right.jpeg,0
24596_left.jpeg,0
42961_right.jpeg,0
25549_right.jpeg,0
18055_right.jpeg,0
30082_right.jpeg,0
26575_right.jpeg,0
31368_right.jpeg,0
20447_right.jpeg,0
38683_left.jpeg,0
2040_right.jpeg,0
41713_left.jpeg,0
37429_right.jpeg,0
9756_left.jpeg,0
2295_right.jpeg,0
29368_left.jpeg,0
24190_left.jpeg,0
18980_right.jpeg,0
12153_right.jpeg,0
26206_right.jpeg,0
5172_left.jpeg,0
1587_left.jpeg,0
474_left.jpeg,0
16500_right.jpeg,0
43547_right.jpeg,0
25617_left.jpeg,0
23520_left.jpeg,0
29926_left.jpeg,0
6939_right.jpeg,0
13593_right.jpeg,0
13352_right.jpeg,0
19404_left.jpeg,0
347_right.jpeg,0
27632_right.jpeg,0
18280_left.jpeg,0
37973_right.jpeg,0
36849_left.jpeg,0
9227_left.jpeg,0
5395_left.jpeg,0
23047_right.jpeg,0
6743_left.jpeg,0
38948_right.jpeg,0
18753_right.jpeg,0
11381_left.jpeg,0
24553_left.jpeg,0
6312_right.jpeg,0
6438_right.jpeg,0
11413_right.jpeg,0
29272_left.jpeg,0
16070_left.jpeg,0
22279_right.jpeg,0
10346_right.jpeg,0
20794_right.jpeg,0
4377_left.jpeg,0
10736_left.jpeg,0
12064_left.jpeg,0
18860_left.jpeg,0
35818_left.jpeg,0
23015_left.jpeg,0
35404_right.jpeg,0
41609_left.jpeg,0
13519_right.jpeg,0
30964_left.jpeg,0
22256_right.jpeg,0
14518_left.jpeg,0
39239_right.jpeg,0
28746_right.jpeg,0
1938_left.jpeg,0
11347_left.jpeg,0
29942_left.jpeg,0
22308_right.jpeg,0
23599_left.jpeg,0
12695_left.jpeg,0
11078_right.jpeg,0
5402_right.jpeg,0
10311_right.jpeg,0
8463_left.jpeg,0
19370_right.jpeg,0
30687_right.jpeg,0
12905_left.jpeg,0
10040_right.jpeg,0
33871_left.jpeg,0
28710_right.jpeg,0
8748_left.jpeg,0
10825_right.jpeg,0
36504_right.jpeg,0
38645_right.jpeg,0
37487_left.jpeg,0
36555_left.jpeg,0
18332_right.jpeg,0
39141_left.jpeg,0
40762_right.jpeg,0
1677_left.jpeg,0
32177_left.jpeg,0
36462_right.jpeg,0
28825_left.jpeg,0
40190_right.jpeg,0
27661_left.jpeg,0
29903_left.jpeg,0
44272_left.jpeg,0
3476_right.jpeg,0
5331_right.jpeg,0
9609_right.jpeg,0
43629_right.jpeg,0
922_left.jpeg,0
23706_right.jpeg,0
21860_left.jpeg,0
35191_left.jpeg,0
8628_right.jpeg,0
36208_left.jpeg,0
12935_right.jpeg,0
24097_right.jpeg,0
40433_left.jpeg,0
42443_left.jpeg,0
44300_right.jpeg,0
20245_right.jpeg,0
4606_left.jpeg,0
8570_right.jpeg,0
15030_right.jpeg,0
43034_left.jpeg,0
19891_right.jpeg,0
867_right.jpeg,0
34973_right.jpeg,0
6536_left.jpeg,0
21081_right.jpeg,0
32969_left.jpeg,0
8327_right.jpeg,0
8053_right.jpeg,0
34079_right.jpeg,0
30878_right.jpeg,0
27564_right.jpeg,0
14107_left.jpeg,0
40573_right.jpeg,0
32770_right.jpeg,0
9790_left.jpeg,0
10901_right.jpeg,0
31429_right.jpeg,0
8574_left.jpeg,0
21562_right.jpeg,0
6564_left.jpeg,0
27808_left.jpeg,0
40651_right.jpeg,0
34047_left.jpeg,0
35912_right.jpeg,0
15500_left.jpeg,0
3842_left.jpeg,0
11210_right.jpeg,0
21853_right.jpeg,0
42071_left.jpeg,0
1631_right.jpeg,0
2216_left.jpeg,0
36604_left.jpeg,0
18413_right.jpeg,0
19607_left.jpeg,0
40699_right.jpeg,0
41792_left.jpeg,0
36093_right.jpeg,0
13045_right.jpeg,0
38212_right.jpeg,0
23652_left.jpeg,0
14948_right.jpeg,0
15995_right.jpeg,0
3493_left.jpeg,0
27444_right.jpeg,0
41224_left.jpeg,0
30162_left.jpeg,0
12427_right.jpeg,0
1033_left.jpeg,0
17830_right.jpeg,0
27692_left.jpeg,0
19078_right.jpeg,0
25581_left.jpeg,0
28296_right.jpeg,0
24710_left.jpeg,0
13163_left.jpeg,0
39442_left.jpeg,0
37793_right.jpeg,0
24220_left.jpeg,0
33550_left.jpeg,0
16638_right.jpeg,0
28135_right.jpeg,0
31487_left.jpeg,0
11814_left.jpeg,0
21663_left.jpeg,0
40613_right.jpeg,0
9352_right.jpeg,0
41482_left.jpeg,0
24829_left.jpeg,0
32263_left.jpeg,0
36218_left.jpeg,0
41197_right.jpeg,0
8546_right.jpeg,0
37514_left.jpeg,0
16104_left.jpeg,0
35141_left.jpeg,0
5354_right.jpeg,0
23595_right.jpeg,0
18961_left.jpeg,0
30220_right.jpeg,0
34384_right.jpeg,0
42275_right.jpeg,0
15600_right.jpeg,0
19548_left.jpeg,0
39738_right.jpeg,0
15475_left.jpeg,0
42278_left.jpeg,0
35264_right.jpeg,0
7317_left.jpeg,0
37150_right.jpeg,0
33948_right.jpeg,0
2611_left.jpeg,0
23226_right.jpeg,0
8545_left.jpeg,0
5714_right.jpeg,0
31836_left.jpeg,0
12304_left.jpeg,0
35026_left.jpeg,0
12997_left.jpeg,0
35825_right.jpeg,0
5854_right.jpeg,0
34475_left.jpeg,0
1512_right.jpeg,0
14820_right.jpeg,0
40123_right.jpeg,0
11622_left.jpeg,0
27099_right.jpeg,0
30200_right.jpeg,0
9746_right.jpeg,0
19243_left.jpeg,0
14338_right.jpeg,0
24189_right.jpeg,0
27634_left.jpeg,0
32195_right.jpeg,0
41168_right.jpeg,0
43974_right.jpeg,0
26497_left.jpeg,0
32934_left.jpeg,0
20366_right.jpeg,0
40451_left.jpeg,0
23631_left.jpeg,0
25571_left.jpeg,0
38348_right.jpeg,0
37316_left.jpeg,0
8437_right.jpeg,0
14001_right.jpeg,0
7841_right.jpeg,0
37753_right.jpeg,0
19882_left.jpeg,0
43548_left.jpeg,0
36774_left.jpeg,0
35821_right.jpeg,0
34378_left.jpeg,0
28358_right.jpeg,0
6156_left.jpeg,0
22856_right.jpeg,0
14177_right.jpeg,0
40647_right.jpeg,0
24642_left.jpeg,0
37815_right.jpeg,0
14508_left.jpeg,0
33022_left.jpeg,0
12470_left.jpeg,0
275_right.jpeg,0
25051_left.jpeg,0
41291_left.jpeg,0
29841_right.jpeg,0
12558_right.jpeg,0
22245_left.jpeg,0
21944_right.jpeg,0
32355_left.jpeg,0
44128_right.jpeg,0
25152_right.jpeg,0
9551_left.jpeg,0
36067_left.jpeg,0
16442_left.jpeg,0
43052_right.jpeg,0
10360_right.jpeg,0
12350_right.jpeg,0
33776_right.jpeg,0
37302_left.jpeg,0
30673_left.jpeg,0
23546_left.jpeg,0
22522_left.jpeg,0
13884_right.jpeg,0
39386_right.jpeg,0
18506_right.jpeg,0
40804_right.jpeg,0
20918_right.jpeg,0
24458_right.jpeg,0
16526_left.jpeg,0
25964_left.jpeg,0
5429_right.jpeg,0
28142_right.jpeg,0
26761_right.jpeg,0
40063_right.jpeg,0
15566_left.jpeg,0
16332_right.jpeg,0
42933_right.jpeg,0
22815_left.jpeg,0
2009_right.jpeg,0
9480_left.jpeg,0
34107_right.jpeg,0
38069_left.jpeg,0
3944_right.jpeg,0
39539_left.jpeg,0
19844_left.jpeg,0
19111_right.jpeg,0
41642_left.jpeg,0
27672_right.jpeg,0
33393_right.jpeg,0
28427_right.jpeg,0
9644_right.jpeg,0
38586_right.jpeg,0
8676_right.jpeg,0
29452_left.jpeg,0
2208_right.jpeg,0
43469_right.jpeg,0
27421_right.jpeg,0
37841_left.jpeg,0
9839_left.jpeg,0
16771_left.jpeg,0
1840_left.jpeg,0
16092_left.jpeg,0
9635_left.jpeg,0
15115_left.jpeg,0
8119_right.jpeg,0
33850_right.jpeg,0
26550_left.jpeg,0
3169_left.jpeg,0
36753_right.jpeg,0
29548_right.jpeg,0
20256_right.jpeg,0
4522_right.jpeg,0
6952_left.jpeg,0
35730_right.jpeg,0
28892_left.jpeg,0
506_right.jpeg,0
17947_right.jpeg,0
37363_right.jpeg,0
15371_right.jpeg,0
27532_right.jpeg,0
34208_left.jpeg,0
281_right.jpeg,0
8142_left.jpeg,0
13924_left.jpeg,0
37972_right.jpeg,0
30179_right.jpeg,0
22989_right.jpeg,0
40829_right.jpeg,0
10259_left.jpeg,0
26769_right.jpeg,0
5234_right.jpeg,0
654_right.jpeg,0
42259_left.jpeg,0
42036_left.jpeg,0
32447_right.jpeg,0
34498_right.jpeg,0
19587_left.jpeg,0
41982_left.jpeg,0
15137_left.jpeg,0
9885_right.jpeg,0
4891_right.jpeg,0
1511_right.jpeg,0
22261_right.jpeg,0
43380_left.jpeg,0
35981_right.jpeg,0
24690_right.jpeg,0
23472_left.jpeg,0
32802_right.jpeg,0
39965_right.jpeg,0
30719_right.jpeg,0
5001_right.jpeg,0
13710_left.jpeg,0
16603_left.jpeg,0
5334_left.jpeg,0
17603_left.jpeg,0
43645_left.jpeg,0
10331_left.jpeg,0
30917_left.jpeg,0
20123_left.jpeg,0
27087_right.jpeg,0
33994_left.jpeg,0
42638_left.jpeg,0
26842_right.jpeg,0
11403_left.jpeg,0
1064_right.jpeg,0
43724_left.jpeg,0
4192_right.jpeg,0
12337_right.jpeg,0
6891_left.jpeg,0
11538_right.jpeg,0
37037_right.jpeg,0
2921_right.jpeg,0
22826_left.jpeg,0
22621_left.jpeg,0
1435_left.jpeg,0
9039_left.jpeg,0
14136_left.jpeg,0
4577_right.jpeg,0
27800_right.jpeg,0
10706_right.jpeg,0
11173_left.jpeg,0
27821_right.jpeg,0
6461_right.jpeg,0
41868_right.jpeg,0
27460_right.jpeg,0
32448_right.jpeg,0
16992_left.jpeg,0
21237_left.jpeg,0
43537_left.jpeg,0
13462_right.jpeg,0
22879_right.jpeg,0
2431_right.jpeg,0
11822_left.jpeg,0
39932_right.jpeg,0
1159_left.jpeg,0
9118_right.jpeg,0
16239_left.jpeg,0
34833_right.jpeg,0
13548_left.jpeg,0
7159_right.jpeg,0
37341_right.jpeg,0
12354_left.jpeg,0
4590_left.jpeg,0
41321_left.jpeg,0
3236_right.jpeg,0
10020_left.jpeg,0
40844_right.jpeg,0
7245_right.jpeg,0
2075_left.jpeg,0
43384_right.jpeg,0
7593_left.jpeg,0
33383_right.jpeg,0
7490_left.jpeg,0
24028_left.jpeg,0
19650_left.jpeg,0
8128_left.jpeg,0
34042_right.jpeg,0
35026_right.jpeg,0
40246_right.jpeg,0
33446_left.jpeg,0
23928_left.jpeg,0
3219_left.jpeg,0
42827_right.jpeg,0
13280_right.jpeg,0
6202_left.jpeg,0
14335_left.jpeg,0
17810_right.jpeg,0
26740_right.jpeg,0
2892_right.jpeg,0
32673_right.jpeg,0
12376_left.jpeg,0
42750_left.jpeg,0
18111_right.jpeg,0
2281_right.jpeg,0
41227_right.jpeg,0
21713_right.jpeg,0
24908_right.jpeg,0
5644_left.jpeg,0
39377_right.jpeg,0
23355_right.jpeg,0
10442_right.jpeg,0
36716_left.jpeg,0
44234_left.jpeg,0
9669_right.jpeg,0
21943_left.jpeg,0
6135_right.jpeg,0
42591_right.jpeg,0
22785_left.jpeg,0
10008_left.jpeg,0
31264_left.jpeg,0
13464_right.jpeg,0
15384_left.jpeg,0
22120_right.jpeg,0
24734_left.jpeg,0
176_right.jpeg,0
1082_left.jpeg,0
40071_left.jpeg,0
15393_left.jpeg,0
20253_left.jpeg,0
35519_right.jpeg,0
10526_right.jpeg,0
37922_left.jpeg,0
19198_left.jpeg,0
25671_left.jpeg,0
3125_left.jpeg,0
30248_right.jpeg,0
16715_right.jpeg,0
26159_right.jpeg,0
28262_left.jpeg,0
22292_right.jpeg,0
10373_right.jpeg,0
7973_right.jpeg,0
13559_left.jpeg,0
15329_right.jpeg,0
41489_right.jpeg,0
7227_right.jpeg,0
24_right.jpeg,0
10759_left.jpeg,0
29687_left.jpeg,0
22495_right.jpeg,0
26549_left.jpeg,0
38863_left.jpeg,0
23661_right.jpeg,0
1321_right.jpeg,0
29258_right.jpeg,0
41614_left.jpeg,0
42464_right.jpeg,0
2309_right.jpeg,0
1949_right.jpeg,0
24352_right.jpeg,0
42100_left.jpeg,0
39093_left.jpeg,0
17575_left.jpeg,0
43607_right.jpeg,0
37280_right.jpeg,0
24670_left.jpeg,0
32617_left.jpeg,0
4552_right.jpeg,0
3991_right.jpeg,0
20917_left.jpeg,0
24670_right.jpeg,0
42930_right.jpeg,0
10245_right.jpeg,0
11450_left.jpeg,0
37274_right.jpeg,0
25206_left.jpeg,0
39990_right.jpeg,0
31835_left.jpeg,0
24732_left.jpeg,0
19387_right.jpeg,0
22768_right.jpeg,0
42002_right.jpeg,0
24904_left.jpeg,0
25276_left.jpeg,0
42535_right.jpeg,0
38371_right.jpeg,0
6768_left.jpeg,0
22285_right.jpeg,0
42713_right.jpeg,0
23370_right.jpeg,0
21980_left.jpeg,0
27680_right.jpeg,0
3763_right.jpeg,0
42666_right.jpeg,0
43868_left.jpeg,0
17553_left.jpeg,0
7023_left.jpeg,0
19511_right.jpeg,0
24358_right.jpeg,0
16330_right.jpeg,0
11045_right.jpeg,0
10804_left.jpeg,0
31367_left.jpeg,0
37125_left.jpeg,0
42893_right.jpeg,0
14365_left.jpeg,0
18122_right.jpeg,0
20673_left.jpeg,0
2618_left.jpeg,0
19259_left.jpeg,0
20328_right.jpeg,0
3269_left.jpeg,0
42463_right.jpeg,0
2603_right.jpeg,0
27575_right.jpeg,0
17913_right.jpeg,0
5379_right.jpeg,0
30620_right.jpeg,0
9445_left.jpeg,0
43032_left.jpeg,0
28544_right.jpeg,0
11822_right.jpeg,0
19619_left.jpeg,0
39946_right.jpeg,0
32698_left.jpeg,0
32468_right.jpeg,0
11451_left.jpeg,0
20776_right.jpeg,0
11088_left.jpeg,0
14290_right.jpeg,0
27503_left.jpeg,0
5634_left.jpeg,0
31116_left.jpeg,0
14415_right.jpeg,0
7239_right.jpeg,0
34103_right.jpeg,0
38498_right.jpeg,0
2523_right.jpeg,0
12199_right.jpeg,0
13034_right.jpeg,0
17043_right.jpeg,0
40123_left.jpeg,0
30476_left.jpeg,0
14470_left.jpeg,0
41607_right.jpeg,0
5942_left.jpeg,0
16690_right.jpeg,0
11029_left.jpeg,0
13366_right.jpeg,0
12046_right.jpeg,0
31756_right.jpeg,0
20884_right.jpeg,0
36905_right.jpeg,0
4368_right.jpeg,0
3777_right.jpeg,0
30998_right.jpeg,0
25107_right.jpeg,0
8309_left.jpeg,0
16999_right.jpeg,0
23978_right.jpeg,0
14106_right.jpeg,0
3613_left.jpeg,0
21988_left.jpeg,0
12813_left.jpeg,0
32163_right.jpeg,0
29920_right.jpeg,0
30351_left.jpeg,0
8980_left.jpeg,0
1995_left.jpeg,0
9877_right.jpeg,0
2335_right.jpeg,0
35094_left.jpeg,0
38850_right.jpeg,0
35856_left.jpeg,0
30684_left.jpeg,0
2209_left.jpeg,0
2127_right.jpeg,0
10753_right.jpeg,0
10111_left.jpeg,0
12738_right.jpeg,0
20067_left.jpeg,0
41498_left.jpeg,0
40113_left.jpeg,0
36345_right.jpeg,0
29541_left.jpeg,0
26965_left.jpeg,0
37355_left.jpeg,0
2540_left.jpeg,0
19640_right.jpeg,0
31306_left.jpeg,0
19816_right.jpeg,0
12122_left.jpeg,0
32763_right.jpeg,0
30283_right.jpeg,0
35148_left.jpeg,0
37067_left.jpeg,0
3549_right.jpeg,0
12812_left.jpeg,0
24456_right.jpeg,0
29370_right.jpeg,0
21132_left.jpeg,0
35796_left.jpeg,0
6157_left.jpeg,0
6658_left.jpeg,0
26485_left.jpeg,0
34239_left.jpeg,0
29575_left.jpeg,0
10911_right.jpeg,0
37558_left.jpeg,0
39883_right.jpeg,0
10584_left.jpeg,0
39460_left.jpeg,0
35000_left.jpeg,0
44274_right.jpeg,0
42812_right.jpeg,0
20365_left.jpeg,0
39811_right.jpeg,0
17199_left.jpeg,0
26012_right.jpeg,0
39074_right.jpeg,0
32813_right.jpeg,0
12446_right.jpeg,0
16575_right.jpeg,0
40503_right.jpeg,0
16188_right.jpeg,0
11945_left.jpeg,0
12791_right.jpeg,0
36759_left.jpeg,0
20716_left.jpeg,0
16821_right.jpeg,0
5739_right.jpeg,0
4890_right.jpeg,0
4963_left.jpeg,0
27847_left.jpeg,0
9334_right.jpeg,0
12463_left.jpeg,0
32927_left.jpeg,0
7319_left.jpeg,0
25066_right.jpeg,0
42259_right.jpeg,0
126_left.jpeg,0
31165_right.jpeg,0
32830_right.jpeg,0
4040_left.jpeg,0
9567_right.jpeg,0
6086_right.jpeg,0
26554_left.jpeg,0
29347_right.jpeg,0
21150_right.jpeg,0
2326_left.jpeg,0
6154_right.jpeg,0
22626_right.jpeg,0
40406_right.jpeg,0
27069_right.jpeg,0
11795_left.jpeg,0
33056_left.jpeg,0
28931_right.jpeg,0
37188_left.jpeg,0
38559_left.jpeg,0
21551_left.jpeg,0
26691_left.jpeg,0
19372_left.jpeg,0
41151_right.jpeg,0
43696_left.jpeg,0
42759_left.jpeg,0
41886_right.jpeg,0
3374_right.jpeg,0
30510_left.jpeg,0
42779_left.jpeg,0
4284_right.jpeg,0
27485_right.jpeg,0
10258_left.jpeg,0
31306_right.jpeg,0
16443_right.jpeg,0
716_right.jpeg,0
43812_right.jpeg,0
28879_right.jpeg,0
11112_right.jpeg,0
29510_right.jpeg,0
15094_right.jpeg,0
14755_left.jpeg,0
24190_right.jpeg,0
31733_right.jpeg,0
873_left.jpeg,0
12747_right.jpeg,0
39146_right.jpeg,0
20923_right.jpeg,0
19725_right.jpeg,0
7350_left.jpeg,0
3971_right.jpeg,0
35_left.jpeg,0
24217_left.jpeg,0
16437_left.jpeg,0
9520_left.jpeg,0
19044_left.jpeg,0
44031_right.jpeg,0
32029_right.jpeg,0
43146_left.jpeg,0
9928_left.jpeg,0
21656_right.jpeg,0
4679_right.jpeg,0
34563_left.jpeg,0
4489_right.jpeg,0
22891_right.jpeg,0
36230_right.jpeg,0
9263_left.jpeg,0
21680_right.jpeg,0
20871_right.jpeg,0
31914_right.jpeg,0
36063_left.jpeg,0
13108_left.jpeg,0
27661_right.jpeg,0
34197_right.jpeg,0
29675_left.jpeg,0
40233_right.jpeg,0
11224_right.jpeg,0
43082_right.jpeg,0
30563_left.jpeg,0
29845_left.jpeg,0
19044_right.jpeg,0
10712_right.jpeg,0
8792_left.jpeg,0
4407_left.jpeg,0
21007_right.jpeg,0
27428_left.jpeg,0
26139_right.jpeg,0
36599_right.jpeg,0
29045_right.jpeg,0
23515_right.jpeg,0
18640_right.jpeg,0
39380_right.jpeg,0
4927_left.jpeg,0
5025_right.jpeg,0
33547_right.jpeg,0
16596_left.jpeg,0
38713_left.jpeg,0
40329_left.jpeg,0
28696_right.jpeg,0
6797_left.jpeg,0
40417_left.jpeg,0
24194_right.jpeg,0
3729_left.jpeg,0
1857_right.jpeg,0
20604_left.jpeg,0
17034_right.jpeg,0
15882_left.jpeg,0
36652_left.jpeg,0
14417_right.jpeg,0
16244_left.jpeg,0
22514_left.jpeg,0
42360_right.jpeg,0
31263_left.jpeg,0
6159_left.jpeg,0
20754_right.jpeg,0
20264_right.jpeg,0
27174_left.jpeg,0
16338_right.jpeg,0
42241_left.jpeg,0
26206_left.jpeg,0
38544_left.jpeg,0
36253_right.jpeg,0
34608_right.jpeg,0
34665_left.jpeg,0
34385_left.jpeg,0
5684_left.jpeg,0
7418_right.jpeg,0
21000_right.jpeg,0
13248_left.jpeg,0
41393_left.jpeg,0
34296_right.jpeg,0
41547_right.jpeg,0
28830_left.jpeg,0
11682_right.jpeg,0
5162_left.jpeg,0
29541_right.jpeg,0
11224_left.jpeg,0
29795_left.jpeg,0
36826_right.jpeg,0
31803_left.jpeg,0
2344_right.jpeg,0
22377_left.jpeg,0
107_left.jpeg,0
8024_left.jpeg,0
22040_left.jpeg,0
38745_left.jpeg,0
27682_right.jpeg,0
36889_right.jpeg,0
7002_left.jpeg,0
35450_left.jpeg,0
27515_right.jpeg,0
16008_left.jpeg,0
9864_right.jpeg,0
19857_right.jpeg,0
19620_left.jpeg,0
23199_left.jpeg,0
26087_left.jpeg,0
12366_left.jpeg,0
39339_right.jpeg,0
5395_right.jpeg,0
18620_left.jpeg,0
37503_left.jpeg,0
32019_left.jpeg,0
9872_left.jpeg,0
25358_left.jpeg,0
41144_left.jpeg,0
11577_left.jpeg,0
18818_left.jpeg,0
16226_left.jpeg,0
28868_left.jpeg,0
17105_left.jpeg,0
38192_left.jpeg,0
4792_left.jpeg,0
11015_right.jpeg,0
42573_right.jpeg,0
30145_left.jpeg,0
24789_left.jpeg,0
38577_right.jpeg,0
29124_left.jpeg,0
34535_left.jpeg,0
11702_left.jpeg,0
36004_left.jpeg,0
3234_left.jpeg,0
29564_right.jpeg,0
23339_right.jpeg,0
43055_right.jpeg,0
41151_left.jpeg,0
6651_right.jpeg,0
38180_left.jpeg,0
26927_right.jpeg,0
21909_left.jpeg,0
9946_right.jpeg,0
8306_left.jpeg,0
12688_left.jpeg,0
17941_right.jpeg,0
32629_right.jpeg,0
32701_right.jpeg,0
1456_left.jpeg,0
41137_right.jpeg,0
12855_right.jpeg,0
39740_right.jpeg,0
16323_left.jpeg,0
35649_left.jpeg,0
23031_right.jpeg,0
8415_left.jpeg,0
14312_right.jpeg,0
31573_right.jpeg,0
42525_left.jpeg,0
42355_left.jpeg,0
14885_right.jpeg,0
5984_left.jpeg,0
26508_right.jpeg,0
41647_left.jpeg,0
2861_right.jpeg,0
26384_left.jpeg,0
22739_left.jpeg,0
3785_left.jpeg,0
10215_left.jpeg,0
35081_right.jpeg,0
38529_right.jpeg,0
2189_right.jpeg,0
25432_left.jpeg,0
17405_right.jpeg,0
7006_left.jpeg,0
11800_left.jpeg,0
35226_right.jpeg,0
41452_right.jpeg,0
35663_left.jpeg,0
29173_left.jpeg,0
8438_right.jpeg,0
44090_right.jpeg,0
32921_right.jpeg,0
16560_right.jpeg,0
14004_right.jpeg,0
15173_right.jpeg,0
21408_right.jpeg,0
13806_right.jpeg,0
23440_right.jpeg,0
6682_left.jpeg,0
37925_left.jpeg,0
42470_right.jpeg,0
43981_left.jpeg,0
40511_left.jpeg,0
3032_left.jpeg,0
29748_left.jpeg,0
14166_right.jpeg,0
22378_right.jpeg,0
19616_right.jpeg,0
19838_right.jpeg,0
926_right.jpeg,0
27302_right.jpeg,0
27367_left.jpeg,0
42992_right.jpeg,0
36133_right.jpeg,0
30664_left.jpeg,0
493_right.jpeg,0
28803_right.jpeg,0
11274_right.jpeg,0
6771_left.jpeg,0
44198_left.jpeg,0
9763_left.jpeg,0
35762_right.jpeg,0
27475_right.jpeg,0
10411_left.jpeg,0
37909_right.jpeg,0
14624_left.jpeg,0
1451_left.jpeg,0
24054_right.jpeg,0
24596_right.jpeg,0
6294_left.jpeg,0
37417_right.jpeg,0
31258_left.jpeg,0
42232_left.jpeg,0
23777_left.jpeg,0
21104_right.jpeg,0
16155_left.jpeg,0
5669_right.jpeg,0
7434_left.jpeg,0
40292_right.jpeg,0
42670_left.jpeg,0
32908_right.jpeg,0
39100_left.jpeg,0
6366_right.jpeg,0
19977_left.jpeg,0
30208_left.jpeg,0
2002_right.jpeg,0
5528_right.jpeg,0
32108_right.jpeg,0
31213_left.jpeg,0
44055_right.jpeg,0
26380_right.jpeg,0
11014_right.jpeg,0
5158_right.jpeg,0
2089_right.jpeg,0
29889_right.jpeg,0
25358_right.jpeg,0
3516_right.jpeg,0
5353_left.jpeg,0
43325_right.jpeg,0
7096_right.jpeg,0
11343_right.jpeg,0
34534_right.jpeg,0
7592_right.jpeg,0
7645_left.jpeg,0
43891_left.jpeg,0
4353_left.jpeg,0
39279_right.jpeg,0
33964_right.jpeg,0
14232_right.jpeg,0
40519_right.jpeg,0
30104_left.jpeg,0
14390_left.jpeg,0
38271_right.jpeg,0
41272_left.jpeg,0
12957_right.jpeg,0
20403_right.jpeg,0
37219_left.jpeg,0
36918_left.jpeg,0
34136_left.jpeg,0
4891_left.jpeg,0
32760_left.jpeg,0
6174_left.jpeg,0
33845_left.jpeg,0
1086_right.jpeg,0
8151_left.jpeg,0
884_right.jpeg,0
18269_right.jpeg,0
21408_left.jpeg,0
7683_left.jpeg,0
24506_right.jpeg,0
22496_left.jpeg,0
28514_left.jpeg,0
28775_right.jpeg,0
35418_left.jpeg,0
3097_right.jpeg,0
43716_right.jpeg,0
1622_right.jpeg,0
18366_left.jpeg,0
6892_right.jpeg,0
18217_right.jpeg,0
10396_right.jpeg,0
13789_right.jpeg,0
16700_right.jpeg,0
28566_right.jpeg,0
1819_left.jpeg,0
22964_right.jpeg,0
4515_right.jpeg,0
42249_left.jpeg,0
1087_left.jpeg,0
18037_left.jpeg,0
14327_left.jpeg,0
36347_left.jpeg,0
23667_left.jpeg,0
33433_left.jpeg,0
21848_left.jpeg,0
6587_right.jpeg,0
17763_right.jpeg,0
31626_right.jpeg,0
5138_left.jpeg,0
11951_left.jpeg,0
30542_left.jpeg,0
34777_left.jpeg,0
28294_left.jpeg,0
43812_left.jpeg,0
37927_right.jpeg,0
20627_right.jpeg,0
24907_right.jpeg,0
1262_left.jpeg,0
13193_left.jpeg,0
4350_left.jpeg,0
36574_right.jpeg,0
24564_left.jpeg,0
9416_right.jpeg,0
31504_right.jpeg,0
21401_left.jpeg,0
10436_right.jpeg,0
39069_left.jpeg,0
19006_right.jpeg,0
6100_right.jpeg,0
25176_right.jpeg,0
34231_right.jpeg,0
2165_right.jpeg,0
21570_right.jpeg,0
22673_left.jpeg,0
38531_right.jpeg,0
26269_left.jpeg,0
43917_left.jpeg,0
37344_right.jpeg,0
7177_left.jpeg,0
39567_left.jpeg,0
10809_left.jpeg,0
23389_left.jpeg,0
13750_left.jpeg,0
25553_left.jpeg,0
6400_right.jpeg,0
6394_right.jpeg,0
34196_left.jpeg,0
42286_right.jpeg,0
15621_left.jpeg,0
12_right.jpeg,0
20607_right.jpeg,0
2281_left.jpeg,0
28535_left.jpeg,0
22884_left.jpeg,0
3704_right.jpeg,0
23753_right.jpeg,0
12905_right.jpeg,0
40270_left.jpeg,0
5703_right.jpeg,0
14452_left.jpeg,0
17558_left.jpeg,0
16498_right.jpeg,0
23144_left.jpeg,0
17404_right.jpeg,0
20380_left.jpeg,0
1068_left.jpeg,0
15024_left.jpeg,0
28574_right.jpeg,0
10024_right.jpeg,0
8659_left.jpeg,0
33796_right.jpeg,0
7564_right.jpeg,0
39394_left.jpeg,0
32772_left.jpeg,0
21115_left.jpeg,0
30443_right.jpeg,0
8158_right.jpeg,0
40610_right.jpeg,0
32931_left.jpeg,0
40412_left.jpeg,0
9174_right.jpeg,0
14330_right.jpeg,0
28941_left.jpeg,0
35181_right.jpeg,0
9186_right.jpeg,0
8680_right.jpeg,0
11194_left.jpeg,0
6026_right.jpeg,0
35111_left.jpeg,0
10486_right.jpeg,0
4940_right.jpeg,0
4332_right.jpeg,0
34694_right.jpeg,0
9624_left.jpeg,0
16472_left.jpeg,0
17692_right.jpeg,0
34132_right.jpeg,0
38018_left.jpeg,0
22178_right.jpeg,0
31340_left.jpeg,0
24845_left.jpeg,0
22058_right.jpeg,0
30978_left.jpeg,0
34865_right.jpeg,0
35197_left.jpeg,0
7029_right.jpeg,0
24700_right.jpeg,0
36775_right.jpeg,0
34271_left.jpeg,0
3490_left.jpeg,0
4894_left.jpeg,0
5320_right.jpeg,0
22453_right.jpeg,0
24521_left.jpeg,0
29977_left.jpeg,0
29794_right.jpeg,0
40093_right.jpeg,0
24035_right.jpeg,0
43530_left.jpeg,0
40251_right.jpeg,0
13469_left.jpeg,0
42693_left.jpeg,0
23511_right.jpeg,0
11523_left.jpeg,0
461_right.jpeg,0
6279_right.jpeg,0
27201_right.jpeg,0
28746_left.jpeg,0
34993_right.jpeg,0
12388_right.jpeg,0
12430_right.jpeg,0
36219_right.jpeg,0
8097_right.jpeg,0
32395_right.jpeg,0
21572_left.jpeg,0
20920_left.jpeg,0
27215_right.jpeg,0
14893_left.jpeg,0
41002_left.jpeg,0
14512_left.jpeg,0
38741_right.jpeg,0
29160_left.jpeg,0
6243_left.jpeg,0
21905_right.jpeg,0
5499_left.jpeg,0
16876_left.jpeg,0
38403_right.jpeg,0
31717_right.jpeg,0
41783_right.jpeg,0
26311_left.jpeg,0
8152_right.jpeg,0
33102_left.jpeg,0
420_left.jpeg,0
39176_left.jpeg,0
8325_right.jpeg,0
21314_left.jpeg,0
6345_right.jpeg,0
29437_left.jpeg,0
36271_left.jpeg,0
24805_left.jpeg,0
18956_left.jpeg,0
13617_left.jpeg,0
24236_left.jpeg,0
7501_right.jpeg,0
3684_right.jpeg,0
10836_right.jpeg,0
38427_left.jpeg,0
29231_left.jpeg,0
17810_left.jpeg,0
1331_right.jpeg,0
20258_right.jpeg,0
38806_left.jpeg,0
43280_left.jpeg,0
11214_right.jpeg,0
36265_right.jpeg,0
39447_left.jpeg,0
40881_right.jpeg,0
24046_left.jpeg,0
29881_left.jpeg,0
42220_left.jpeg,0
43347_left.jpeg,0
19905_left.jpeg,0
1031_left.jpeg,0
19954_right.jpeg,0
16849_left.jpeg,0
36918_right.jpeg,0
27182_left.jpeg,0
34589_right.jpeg,0
10549_left.jpeg,0
27839_left.jpeg,0
25110_right.jpeg,0
36311_left.jpeg,0
39597_left.jpeg,0
10347_right.jpeg,0
4411_left.jpeg,0
35060_right.jpeg,0
6644_left.jpeg,0
13996_right.jpeg,0
14659_right.jpeg,0
9620_right.jpeg,0
14241_right.jpeg,0
34016_left.jpeg,0
32299_left.jpeg,0
36195_left.jpeg,0
13367_left.jpeg,0
6171_left.jpeg,0
10905_right.jpeg,0
36356_left.jpeg,0
23303_left.jpeg,0
25499_right.jpeg,0
21801_right.jpeg,0
38940_right.jpeg,0
36892_right.jpeg,0
8920_right.jpeg,0
35837_left.jpeg,0
3291_right.jpeg,0
26301_right.jpeg,0
17730_left.jpeg,0
5532_left.jpeg,0
17499_right.jpeg,0
34178_left.jpeg,0
17432_right.jpeg,0
3917_left.jpeg,0
17614_right.jpeg,0
42841_right.jpeg,0
44202_right.jpeg,0
38142_right.jpeg,0
413_right.jpeg,0
15875_left.jpeg,0
27021_left.jpeg,0
20008_right.jpeg,0
33705_right.jpeg,0
22308_left.jpeg,0
17383_right.jpeg,0
20684_left.jpeg,0
2653_left.jpeg,0
42389_right.jpeg,0
11513_left.jpeg,0
24761_left.jpeg,0
42597_left.jpeg,0
22382_left.jpeg,0
30080_left.jpeg,0
22914_right.jpeg,0
37870_left.jpeg,0
39804_right.jpeg,0
16722_right.jpeg,0
11885_right.jpeg,0
8525_right.jpeg,0
42877_left.jpeg,0
31002_left.jpeg,0
4648_right.jpeg,0
13471_left.jpeg,0
4646_right.jpeg,0
35527_left.jpeg,0
21468_left.jpeg,0
110_left.jpeg,0
38272_left.jpeg,0
10123_right.jpeg,0
3760_right.jpeg,0
10296_right.jpeg,0
5372_right.jpeg,0
35569_right.jpeg,0
41344_right.jpeg,0
20335_right.jpeg,0
28685_right.jpeg,0
20279_left.jpeg,0
43666_left.jpeg,0
24109_right.jpeg,0
11148_right.jpeg,0
29544_left.jpeg,0
16797_right.jpeg,0
5747_right.jpeg,0
33926_right.jpeg,0
28648_left.jpeg,0
9898_right.jpeg,0
34627_right.jpeg,0
32561_left.jpeg,0
31437_left.jpeg,0
33640_left.jpeg,0
6046_left.jpeg,0
32091_left.jpeg,0
7904_right.jpeg,0
39997_left.jpeg,0
867_left.jpeg,0
15860_right.jpeg,0
40452_left.jpeg,0
31745_left.jpeg,0
9345_right.jpeg,0
21934_right.jpeg,0
24283_right.jpeg,0
4028_right.jpeg,0
39524_left.jpeg,0
28590_left.jpeg,0
7500_right.jpeg,0
36536_right.jpeg,0
1510_right.jpeg,0
37632_right.jpeg,0
41459_left.jpeg,0
10349_right.jpeg,0
12099_left.jpeg,0
12542_right.jpeg,0
20204_left.jpeg,0
35276_right.jpeg,0
4849_right.jpeg,0
13571_left.jpeg,0
18578_left.jpeg,0
43293_left.jpeg,0
15504_left.jpeg,0
22621_right.jpeg,0
18691_right.jpeg,0
36924_right.jpeg,0
19279_right.jpeg,0
6845_right.jpeg,0
849_left.jpeg,0
35692_left.jpeg,0
7895_left.jpeg,0
19362_left.jpeg,0
38627_right.jpeg,0
26435_right.jpeg,0
28622_left.jpeg,0
2867_left.jpeg,0
34383_right.jpeg,0
43349_right.jpeg,0
17834_right.jpeg,0
14395_left.jpeg,0
15349_left.jpeg,0
9743_left.jpeg,0
27007_right.jpeg,0
33398_left.jpeg,0
32310_right.jpeg,0
10795_left.jpeg,0
3674_right.jpeg,0
29470_left.jpeg,0
35407_left.jpeg,0
21800_right.jpeg,0
39979_left.jpeg,0
35104_left.jpeg,0
43564_right.jpeg,0
41779_left.jpeg,0
442_left.jpeg,0
40493_right.jpeg,0
8200_left.jpeg,0
34656_left.jpeg,0
29725_right.jpeg,0
16861_left.jpeg,0
17402_right.jpeg,0
3122_left.jpeg,0
23913_left.jpeg,0
38445_right.jpeg,0
19538_right.jpeg,0
35319_left.jpeg,0
17155_right.jpeg,0
16005_left.jpeg,0
20580_left.jpeg,0
71_left.jpeg,0
40992_right.jpeg,0
20058_left.jpeg,0
6268_left.jpeg,0
6414_left.jpeg,0
12090_right.jpeg,0
9329_right.jpeg,0
10203_right.jpeg,0
7287_left.jpeg,0
42243_left.jpeg,0
38922_left.jpeg,0
37251_right.jpeg,0
31262_left.jpeg,0
43509_right.jpeg,0
34951_right.jpeg,0
21656_left.jpeg,0
13297_right.jpeg,0
5731_right.jpeg,0
28955_left.jpeg,0
18480_right.jpeg,0
12483_left.jpeg,0
1006_right.jpeg,0
22183_left.jpeg,0
25519_right.jpeg,0
16242_right.jpeg,0
36038_right.jpeg,0
10736_right.jpeg,0
17274_right.jpeg,0
20413_right.jpeg,0
44105_left.jpeg,0
9514_left.jpeg,0
24096_left.jpeg,0
26667_left.jpeg,0
20930_right.jpeg,0
38608_left.jpeg,0
1604_right.jpeg,0
5254_left.jpeg,0
26783_left.jpeg,0
12728_right.jpeg,0
657_right.jpeg,0
13726_left.jpeg,0
29425_right.jpeg,0
21466_right.jpeg,0
14894_right.jpeg,0
37531_left.jpeg,0
1380_left.jpeg,0
21750_right.jpeg,0
41091_left.jpeg,0
15729_right.jpeg,0
21144_right.jpeg,0
11060_left.jpeg,0
9410_right.jpeg,0
42344_right.jpeg,0
42644_right.jpeg,0
10062_right.jpeg,0
37113_right.jpeg,0
4643_right.jpeg,0
35773_left.jpeg,0
32586_left.jpeg,0
26575_left.jpeg,0
24326_left.jpeg,0
16915_left.jpeg,0
19084_left.jpeg,0
27254_left.jpeg,0
32131_right.jpeg,0
39141_right.jpeg,0
16332_left.jpeg,0
24116_right.jpeg,0
37825_left.jpeg,0
5125_right.jpeg,0
32544_left.jpeg,0
19719_right.jpeg,0
9712_right.jpeg,0
8213_right.jpeg,0
27267_right.jpeg,0
18675_left.jpeg,0
35122_right.jpeg,0
4213_left.jpeg,0
11250_left.jpeg,0
38047_right.jpeg,0
16330_left.jpeg,0
4356_left.jpeg,0
41024_left.jpeg,0
27490_right.jpeg,0
19276_right.jpeg,0
21441_right.jpeg,0
4553_right.jpeg,0
30758_right.jpeg,0
18514_left.jpeg,0
21405_right.jpeg,0
13111_right.jpeg,0
5499_right.jpeg,0
17164_right.jpeg,0
37858_right.jpeg,0
31848_left.jpeg,0
3885_left.jpeg,0
22319_left.jpeg,0
33341_right.jpeg,0
34244_left.jpeg,0
16482_left.jpeg,0
39337_left.jpeg,0
14956_right.jpeg,0
10778_left.jpeg,0
9295_right.jpeg,0
37135_right.jpeg,0
17599_left.jpeg,0
4585_left.jpeg,0
18376_right.jpeg,0
14515_left.jpeg,0
9249_left.jpeg,0
14435_left.jpeg,0
23192_right.jpeg,0
20597_right.jpeg,0
7493_right.jpeg,0
23195_right.jpeg,0
34895_right.jpeg,0
23758_right.jpeg,0
43621_right.jpeg,0
20690_left.jpeg,0
23681_left.jpeg,0
12162_left.jpeg,0
17610_right.jpeg,0
22482_right.jpeg,0
37473_right.jpeg,0
13216_left.jpeg,0
6626_left.jpeg,0
38510_left.jpeg,0
22733_left.jpeg,0
41467_right.jpeg,0
12310_right.jpeg,0
8288_right.jpeg,0
28757_left.jpeg,0
15721_left.jpeg,0
27046_right.jpeg,0
40283_left.jpeg,0
31572_right.jpeg,0
18792_left.jpeg,0
18766_left.jpeg,0
25469_left.jpeg,0
17058_left.jpeg,0
24288_left.jpeg,0
10238_right.jpeg,0
37240_right.jpeg,0
34306_right.jpeg,0
24371_left.jpeg,0
37373_right.jpeg,0
18115_right.jpeg,0
25151_right.jpeg,0
40693_left.jpeg,0
19746_right.jpeg,0
34286_left.jpeg,0
10477_left.jpeg,0
43679_left.jpeg,0
37857_right.jpeg,0
34083_left.jpeg,0
22064_right.jpeg,0
22269_left.jpeg,0
5251_left.jpeg,0
39255_right.jpeg,0
8060_right.jpeg,0
10951_right.jpeg,0
37245_left.jpeg,0
43215_right.jpeg,0
14065_right.jpeg,0
23678_right.jpeg,0
25827_left.jpeg,0
25786_left.jpeg,0
41773_left.jpeg,0
17994_left.jpeg,0
20269_right.jpeg,0
29827_right.jpeg,0
570_right.jpeg,0
5557_right.jpeg,0
23184_left.jpeg,0
938_left.jpeg,0
26949_left.jpeg,0
29774_left.jpeg,0
25214_left.jpeg,0
41699_right.jpeg,0
32338_left.jpeg,0
42539_right.jpeg,0
7145_left.jpeg,0
25843_right.jpeg,0
41409_right.jpeg,0
13411_right.jpeg,0
35930_right.jpeg,0
37983_right.jpeg,0
43026_left.jpeg,0
16794_right.jpeg,0
6597_left.jpeg,0
36662_right.jpeg,0
30866_left.jpeg,0
9389_left.jpeg,0
23543_right.jpeg,0
9805_right.jpeg,0
36160_right.jpeg,0
9007_right.jpeg,0
12570_left.jpeg,0
39_left.jpeg,0
17193_left.jpeg,0
29907_left.jpeg,0
5571_right.jpeg,0
17902_left.jpeg,0
17253_left.jpeg,0
10076_right.jpeg,0
11260_right.jpeg,0
39372_left.jpeg,0
16659_right.jpeg,0
1208_left.jpeg,0
29543_left.jpeg,0
17091_left.jpeg,0
12438_left.jpeg,0
24337_left.jpeg,0
6616_left.jpeg,0
43301_left.jpeg,0
44075_left.jpeg,0
38315_left.jpeg,0
33184_right.jpeg,0
37164_right.jpeg,0
42572_left.jpeg,0
8921_right.jpeg,0
40145_left.jpeg,0
19137_left.jpeg,0
13194_left.jpeg,0
32131_left.jpeg,0
34951_left.jpeg,0
6625_left.jpeg,0
25722_right.jpeg,0
12011_left.jpeg,0
11809_left.jpeg,0
41234_left.jpeg,0
42088_left.jpeg,0
41994_left.jpeg,0
23429_left.jpeg,0
31282_left.jpeg,0
43517_left.jpeg,0
31485_left.jpeg,0
24133_right.jpeg,0
38099_left.jpeg,0
29580_left.jpeg,0
4623_right.jpeg,0
37293_right.jpeg,0
28658_right.jpeg,0
7076_left.jpeg,0
34793_left.jpeg,0
43869_right.jpeg,0
38387_left.jpeg,0
26680_left.jpeg,0
26028_left.jpeg,0
3594_right.jpeg,0
39643_right.jpeg,0
43656_left.jpeg,0
19921_right.jpeg,0
41261_right.jpeg,0
11202_left.jpeg,0
35691_right.jpeg,0
4656_right.jpeg,0
21666_left.jpeg,0
28361_left.jpeg,0
35849_right.jpeg,0
16729_right.jpeg,0
34580_left.jpeg,0
17640_right.jpeg,0
35818_right.jpeg,0
34081_left.jpeg,0
29833_left.jpeg,0
3685_left.jpeg,0
14531_left.jpeg,0
10066_left.jpeg,0
6679_left.jpeg,0
5714_left.jpeg,0
25067_right.jpeg,0
27711_right.jpeg,0
26008_left.jpeg,0
1463_left.jpeg,0
11082_left.jpeg,0
26965_right.jpeg,0
20969_left.jpeg,0
4026_right.jpeg,0
7331_right.jpeg,0
16878_left.jpeg,0
35951_right.jpeg,0
30530_left.jpeg,0
27697_left.jpeg,0
18484_left.jpeg,0
38609_left.jpeg,0
26718_left.jpeg,0
19768_left.jpeg,0
9044_right.jpeg,0
14458_right.jpeg,0
38618_left.jpeg,0
11507_right.jpeg,0
44167_right.jpeg,0
28407_right.jpeg,0
11560_left.jpeg,0
20415_right.jpeg,0
35620_left.jpeg,0
34511_right.jpeg,0
24023_left.jpeg,0
28878_right.jpeg,0
11309_right.jpeg,0
433_left.jpeg,0
13243_left.jpeg,0
33578_left.jpeg,0
6406_left.jpeg,0
7826_right.jpeg,0
32803_left.jpeg,0
27652_right.jpeg,0
19185_right.jpeg,0
36474_left.jpeg,0
39820_right.jpeg,0
21037_right.jpeg,0
40215_right.jpeg,0
21956_left.jpeg,0
7990_right.jpeg,0
5665_left.jpeg,0
38898_right.jpeg,0
30745_left.jpeg,0
13624_right.jpeg,0
4976_right.jpeg,0
29532_right.jpeg,0
2475_right.jpeg,0
31883_right.jpeg,0
41644_right.jpeg,0
29316_right.jpeg,0
2481_left.jpeg,0
43620_left.jpeg,0
168_left.jpeg,0
24395_right.jpeg,0
27628_left.jpeg,0
35926_left.jpeg,0
21000_left.jpeg,0
38946_left.jpeg,0
8195_left.jpeg,0
41768_left.jpeg,0
5972_left.jpeg,0
8714_right.jpeg,0
11895_left.jpeg,0
41239_left.jpeg,0
32631_right.jpeg,0
37853_right.jpeg,0
34133_right.jpeg,0
26604_right.jpeg,0
10102_left.jpeg,0
32_left.jpeg,0
42793_left.jpeg,0
44015_left.jpeg,0
38941_right.jpeg,0
27026_left.jpeg,0
2397_right.jpeg,0
10424_right.jpeg,0
30886_left.jpeg,0
11025_left.jpeg,0
28404_right.jpeg,0
16820_right.jpeg,0
2219_left.jpeg,0
13163_right.jpeg,0
20932_left.jpeg,0
42789_left.jpeg,0
10862_right.jpeg,0
40416_left.jpeg,0
32236_left.jpeg,0
7324_left.jpeg,0
5314_right.jpeg,0
32021_left.jpeg,0
40378_right.jpeg,0
3218_left.jpeg,0
22653_left.jpeg,0
32074_left.jpeg,0
2692_right.jpeg,0
21207_right.jpeg,0
41008_right.jpeg,0
20486_left.jpeg,0
28708_left.jpeg,0
21637_right.jpeg,0
11532_left.jpeg,0
42479_right.jpeg,0
39299_left.jpeg,0
11672_left.jpeg,0
10432_left.jpeg,0
34695_right.jpeg,0
18606_left.jpeg,0
38281_right.jpeg,0
37910_left.jpeg,0
25051_right.jpeg,0
1681_left.jpeg,0
